i,j,c(ij),d(ij)
0,3,0.438237209,4.557733616
0,4,0.800405875,3.606161941
0,5,0.905234267,1.364906027
0,6,0.68767013,4.770509262
0,7,0.992220876,3.592339606
0,8,0.102332294,3.051375697
0,9,0.431666975,0.388000305
0,10,0.959353168,2.485106965
0,11,0.467996792,4.258702899
0,12,0.241523858,3.540609461
0,13,0.728739079,2.347346541
0,14,0.435355587,4.800677258
0,15,0.314410395,2.680306352
0,18,0.683464199,0.060386452
0,19,0.482924688,4.507338886
0,20,0.492466541,2.031562079
0,21,0.990731042,0.591651151
0,22,0.671045131,4.695872247
0,23,0.663972227,4.245466877
0,24,0.912421938,2.998227098
0,25,0.591693921,1.599108337
0,26,0.573390515,2.517618061
0,27,0.02702969,0.164080123
0,28,0.239803731,4.730091143
0,29,0.283461812,0.166212261
0,30,0.079341316,3.637138269
0,31,0.391783889,0.201804181
0,32,0.356948305,2.533448159
0,33,0.675893649,3.010764181
0,35,0.217772436,1.093066381
0,36,0.430650146,3.824067534
0,37,0.604246741,1.691591646
0,38,0.721612998,2.666272453
0,39,0.269966491,4.779696685
0,41,0.38386866,2.118995808
0,42,0.640269914,0.224990812
0,43,0.266343759,4.259985926
0,46,0.777898526,1.723665557
0,47,0.142969357,3.516625295
0,48,0.488531342,4.545795822
0,49,0.064898294,4.416974256
1,0,0.18047376,0.800022675
1,2,0.615015563,4.035220387
1,4,0.296662428,2.274058253
1,5,0.711580269,3.785534986
1,6,0.408826928,4.431753547
1,7,0.900512991,0.789769506
1,8,0.511669756,0.042987089
1,9,0.851993901,3.438754965
1,10,0.289621484,1.229721117
1,12,0.1662036,4.253702976
1,13,0.258149256,4.347157067
1,14,0.898274318,2.987814364
1,15,0.338659557,4.367664291
1,16,0.854647502,1.617178502
1,17,0.698890886,3.401787981
1,19,0.149174057,2.028487388
1,21,0.088531553,1.455684389
1,23,0.97336045,0.150886497
1,24,0.189842172,3.026206543
1,25,0.278017136,3.449711186
1,26,0.725112219,1.592164215
1,27,0.27331535,2.923629332
1,28,0.000720882,4.148726957
1,29,0.816749649,3.821979956
1,30,0.789247618,0.796216393
1,32,0.525043625,3.99858462
1,33,0.615165938,1.01281872
1,34,0.551693441,4.793374315
1,35,0.254598394,0.992992477
1,37,0.660635459,3.544900348
1,38,0.48478399,2.291648692
1,39,0.155274175,2.738884095
1,40,0.872671616,4.261620203
1,41,0.662688979,3.489935806
1,42,0.650657354,2.084221073
1,43,0.752768111,1.872307706
1,44,0.004209427,1.239016396
1,45,0.824249664,3.507440545
1,46,0.112356431,2.366301426
1,47,0.901875518,3.056635762
1,48,0.89333003,3.357647556
1,49,0.899167424,2.178403237
2,0,0.917173868,3.10874383
2,1,0.34422152,1.134400538
2,3,0.931190406,3.600051655
2,4,0.279449935,2.293343879
2,5,0.477444599,3.625837635
2,6,0.98566617,3.139954167
2,7,0.730150479,0.093864799
2,9,0.452586819,3.872565063
2,10,0.001003402,1.817297886
2,11,0.96851292,1.335851942
2,12,0.988213851,3.533603695
2,13,0.714899072,2.403454147
2,14,0.178553149,0.249660159
2,15,0.699805085,3.817940567
2,16,0.40725855,4.459371611
2,17,0.661744143,4.121851882
2,18,0.179047529,0.564157696
2,20,0.274658854,3.302974714
2,21,0.211966076,3.922428102
2,22,0.632565469,0.393165005
2,23,0.802025574,3.040217344
2,24,0.691067589,4.49363632
2,25,0.443850323,0.105910597
2,26,0.881256021,1.235739877
2,27,0.017746763,3.959835818
2,28,0.314429331,2.763413308
2,29,0.769888759,4.141682211
2,30,0.713437951,4.697663229
2,32,0.394982212,4.135178705
2,33,0.9572812,2.563716658
2,34,0.552428569,4.766505819
2,35,0.700719409,4.015949861
2,36,0.408799764,0.801245767
2,37,0.605186921,0.87404438
2,38,0.572811768,3.035312843
2,39,0.066133287,4.778667404
2,40,0.957885958,4.793258949
2,41,0.68282105,1.793606476
2,42,0.76600346,3.785487842
2,43,0.924916374,3.793646541
2,44,0.935501927,4.459807806
2,45,0.4576917,3.493810114
2,46,0.120704186,1.953894035
2,48,0.54800149,2.531162901
2,49,0.431325162,4.488575303
3,0,0.928679817,1.099131713
3,1,0.852504644,0.527680705
3,2,0.12580262,1.344595192
3,4,0.140150475,2.209978353
3,5,0.01489619,0.766866265
3,6,0.256813479,0.541212296
3,7,0.855510975,1.379106764
3,8,0.813618901,4.055386939
3,9,0.99495244,3.966762992
3,10,0.09716161,4.306076841
3,14,0.390743571,3.500480916
3,15,0.291071549,3.419771651
3,16,0.232580377,1.800842078
3,17,0.667577048,3.298469586
3,18,0.032989962,1.374919188
3,19,0.659144136,3.812112861
3,20,0.382163677,0.48444649
3,21,0.651063132,0.399094618
3,22,0.358491496,1.511848383
3,23,0.473136682,2.714291915
3,24,0.430879118,4.296948035
3,25,0.132082901,2.396125519
3,26,0.886711824,3.081753256
3,27,0.528121005,2.262800638
3,28,0.15250668,1.003116125
3,29,0.24710864,1.925785628
3,30,0.991082137,3.511458729
3,31,0.214947864,1.405256167
3,32,0.930599657,0.996386899
3,33,0.412941978,1.715263174
3,34,0.19456405,1.625507259
3,35,0.84256606,2.800134381
3,36,0.177508597,2.499570449
3,37,0.759894732,2.265774959
3,38,0.954639654,2.212836499
3,41,0.908044794,4.698048225
3,42,0.186182267,2.599829612
3,43,0.458416261,3.278645629
3,44,0.275890922,0.217801243
3,45,0.973719355,1.10348182
3,46,0.807006645,2.711196821
3,47,0.715128646,1.820992098
3,48,0.269643789,2.002020719
3,49,0.292858855,3.721015211
4,0,0.773579998,3.770709492
4,1,0.260984888,2.780399146
4,2,0.460008346,3.736978439
4,5,0.979986781,0.983595291
4,6,0.394929759,0.027544201
4,8,0.921381088,0.403571522
4,9,0.083012361,0.698121294
4,10,0.31431744,2.726235064
4,11,0.959637314,2.967052484
4,12,0.137475647,4.835255857
4,13,0.570319258,2.891096766
4,14,0.606776522,0.409847162
4,15,0.257346444,2.279419269
4,16,0.751246429,3.876594523
4,17,0.703898588,2.04028436
4,18,0.538988032,1.311717591
4,19,0.731432707,0.744664821
4,20,0.717736889,1.871974216
4,21,0.323751632,3.312357172
4,22,0.917944802,4.649599672
4,23,0.095438638,4.019992422
4,25,0.733015628,3.710782284
4,26,0.648178856,3.297712248
4,27,0.549745863,1.741399093
4,28,0.529940715,2.572754858
4,29,0.955278163,2.940232235
4,30,0.599187065,2.550331326
4,31,0.379386118,0.679945387
4,32,0.02228598,2.467343539
4,33,0.795770667,2.383116768
4,34,0.773371394,1.278073723
4,35,0.893999311,4.296043771
4,36,0.829354131,3.594995066
4,37,0.166020794,3.80930589
4,39,0.278463388,2.228763649
4,40,0.227093886,2.358111372
4,41,0.682904104,0.743875039
4,42,0.485472741,0.622397203
4,43,0.830908375,3.918160982
4,44,0.456946786,3.579236441
4,45,0.958599123,1.903635996
4,46,0.502757337,3.406877471
4,47,0.933213414,3.041645145
4,48,0.064868389,2.336514465
4,49,0.280588,4.913710711
5,0,0.667792464,1.701938774
5,2,0.027468744,1.94623094
5,4,0.612139707,0.081434812
5,6,0.363293098,4.679130039
5,7,0.47640081,0.843997867
5,8,0.634779051,1.769102433
5,9,0.055166916,1.098454467
5,10,0.423378852,2.21636689
5,11,0.86531549,2.774746847
5,13,0.915326757,4.433871442
5,14,0.685076352,3.862037364
5,15,0.178300487,3.189112698
5,16,0.845759153,0.219942534
5,18,0.42022492,4.797843668
5,19,0.387712358,2.758115986
5,20,0.258488714,3.498169256
5,21,0.816538041,2.236450971
5,22,0.507346263,3.326553495
5,24,0.196626964,3.444535694
5,25,0.448517889,2.722294596
5,26,0.039228593,4.106244629
5,27,0.339584341,2.73002045
5,28,0.996720501,2.00933986
5,29,0.538570555,1.820440567
5,30,0.759910048,0.820378561
5,31,0.131023216,3.143964243
5,32,0.163416425,3.164333061
5,33,0.072686104,4.210387503
5,35,0.130933384,4.666734376
5,36,0.351344306,4.700002998
5,37,0.840794355,2.81843137
5,38,0.614586177,3.656647675
5,39,0.304981293,4.70398486
5,40,0.72466675,0.562213897
5,41,0.748837521,3.113297703
5,42,0.359938694,3.866293012
5,43,0.483826578,3.044665381
5,45,0.703638561,1.235442026
5,46,0.063184933,4.053755445
5,47,0.671535853,1.573720226
5,48,0.879228108,4.230289624
5,49,0.027306612,1.441864454
6,0,0.23540327,3.981680445
6,1,0.773990061,1.787545363
6,2,0.12642838,2.138174588
6,3,0.907649625,2.074160825
6,4,0.001321511,1.251351704
6,5,0.235697854,3.842835997
6,7,0.239163777,0.491482927
6,9,0.647474876,2.806006534
6,10,0.181838731,1.383878124
6,12,0.716989266,3.898916496
6,13,0.944664033,0.630390187
6,14,0.674886668,1.269648899
6,15,0.351210539,0.219341225
6,16,0.96293599,1.789303935
6,17,0.195999677,0.87537069
6,18,0.240783246,3.91770005
6,19,0.996217933,1.026490988
6,20,0.664573337,3.130553523
6,22,0.761659735,1.719896594
6,23,0.275315112,0.688913442
6,24,0.497110652,0.525861632
6,25,0.687023851,2.95799477
6,26,0.325648794,2.263646522
6,27,0.076303613,2.753357987
6,28,0.558736346,1.766698999
6,29,0.811456547,1.31362412
6,31,0.784690426,4.262013225
6,32,0.389201725,2.80710472
6,34,0.084888651,2.943187829
6,35,0.760329333,0.087001485
6,36,0.971343825,3.626211285
6,37,0.067928528,3.846854692
6,38,0.001311908,2.318480745
6,39,0.830214817,3.609545021
6,40,0.166492937,1.025878532
6,41,0.598776315,3.588398164
6,42,0.56236056,1.019701246
6,43,0.983639794,4.92337317
6,44,0.496447023,4.968344224
6,45,0.263375805,3.826745948
6,46,0.94899839,4.660431544
6,47,0.104125916,3.38475916
6,48,0.817980198,1.25086945
6,49,0.330307419,4.77020999
7,1,0.263866977,3.00579078
7,2,0.396540437,2.987623171
7,3,0.378778764,4.09100768
7,4,0.153833778,4.768481842
7,5,0.46064513,0.003960432
7,6,0.192370557,4.67245503
7,8,0.94915979,2.982542926
7,9,0.811966389,2.110093872
7,10,0.561891376,1.601155061
7,11,0.304749283,3.88662303
7,12,0.531915071,0.738715986
7,13,0.713994015,3.182369284
7,14,0.956533193,2.717745258
7,15,0.961503069,4.219414987
7,16,0.869800272,4.348090644
7,17,0.782746303,3.706268229
7,18,0.699270314,0.935698461
7,19,0.016070922,0.731648528
7,20,0.590574336,4.840784068
7,21,0.770966492,4.491507188
7,22,0.246445707,2.913091925
7,23,0.29382015,0.026983424
7,24,0.868726185,1.320756132
7,25,0.911865485,3.382185832
7,26,0.513400119,4.901838179
7,27,0.270338643,4.743617401
7,28,0.935675894,4.678685448
7,29,0.177956934,0.825440417
7,31,0.886238718,3.065644757
7,32,0.037283661,1.223711042
7,33,0.95580693,4.328821936
7,34,0.395577422,1.224363422
7,35,0.879505697,0.716987031
7,36,0.136354846,0.345331212
7,37,0.231498695,3.204879117
7,38,0.344972098,1.789021518
7,39,0.043377214,1.142344823
7,41,0.360246574,4.067449578
7,42,0.693385293,2.416898287
7,43,0.383901,3.523774437
7,44,0.196745769,0.284686394
7,45,0.71901365,2.362981905
7,46,0.675710272,0.279502644
7,47,0.062961876,2.315488758
7,48,0.562118814,0.314606531
7,49,0.983399055,1.829329705
8,0,0.004417335,1.344429868
8,1,0.000970735,1.800470108
8,2,0.950610424,2.602093118
8,3,0.350115877,1.220280816
8,4,0.472694918,2.455011459
8,5,0.72104345,1.502798358
8,6,0.873989817,1.511278793
8,7,0.431015525,2.320765474
8,9,0.827096832,2.001666626
8,10,0.508003595,0.841795217
8,11,0.262807429,4.338701878
8,13,0.309842083,2.621265624
8,14,0.512292804,4.793541677
8,15,0.720131705,3.912813265
8,16,0.013924018,4.521089656
8,17,0.230479456,1.745362222
8,18,0.959094846,4.60786815
8,19,0.364549955,2.614574628
8,20,0.292110088,3.818332953
8,21,0.185299757,2.373553242
8,22,0.425281097,1.584180141
8,23,0.385449605,1.64721381
8,25,0.668903164,0.304150478
8,26,0.20108066,4.288007731
8,28,0.829789763,0.000969331
8,29,0.880357742,1.91486285
8,30,0.489323946,1.100694008
8,31,0.191336779,4.133184913
8,32,0.828578907,1.340507787
8,33,0.977388829,4.190178867
8,34,0.625231709,2.592317512
8,35,0.608204604,3.231668541
8,36,0.395244593,2.3676476
8,37,0.546004832,4.462300772
8,38,0.229340829,2.532570661
8,39,0.36118756,2.673101973
8,40,0.219075129,1.290668238
8,41,0.450637966,2.360708793
8,42,0.757528148,3.427317747
8,44,0.379124582,0.79098378
8,45,0.860324722,4.281417651
8,47,0.092883684,0.12943769
8,48,0.168459391,1.645448724
8,49,0.156936367,1.020141228
9,1,0.836789487,2.724104212
9,3,0.312972097,0.109293677
9,4,0.956044409,2.755959187
9,5,0.34264148,4.353715507
9,6,0.996557083,0.457060931
9,7,0.931359372,2.500436441
9,8,0.873850763,3.608981401
9,11,0.920713477,2.68440642
9,12,0.908145873,0.263483047
9,13,0.874221664,3.906433316
9,14,0.632966962,4.436859801
9,16,0.535249677,4.847313348
9,17,0.907551409,2.094874792
9,18,0.835672732,0.541710875
9,19,0.318908735,0.032471239
9,21,0.635035419,4.34820603
9,22,0.366750204,4.06547514
9,23,0.681412323,0.631762513
9,24,0.95676631,1.609782261
9,25,0.672185052,2.431525584
9,26,0.56971775,0.954812887
9,27,0.130763419,4.519004335
9,28,0.847788314,4.999447048
9,29,0.458463903,0.031803571
9,30,0.567544237,4.028055663
9,31,0.591219917,2.163826353
9,33,0.567820408,4.175601558
9,34,0.801056333,1.3450939
9,35,0.491310451,0.576326247
9,36,0.272600239,1.156576653
9,37,0.060702289,2.377711912
9,38,0.643047602,0.530810742
9,39,0.517466512,3.236677256
9,40,0.600934525,1.594895335
9,41,0.541173449,0.404175126
9,42,0.327168284,4.743482714
9,43,0.990767656,1.727177611
9,44,0.051255669,4.573860075
9,45,0.404249765,2.591688105
9,46,0.512795465,4.002095214
9,47,0.797084144,2.343765434
9,48,0.668548357,0.639779226
9,49,0.895491182,0.665910271
10,0,0.685108911,0.743553374
10,1,0.692979763,0.318315973
10,2,0.00979985,4.554390058
10,3,0.026291442,1.823457539
10,4,0.502052545,4.126674503
10,5,0.789666164,3.842789787
10,6,0.207638504,0.709860825
10,7,0.857881047,4.09964501
10,9,0.306593091,1.945434725
10,11,0.175500762,0.145728481
10,12,0.687782845,4.217429743
10,13,0.316254086,2.380065215
10,14,0.57363441,3.316020437
10,15,0.778693639,1.942824229
10,16,0.627820504,4.781539781
10,17,0.12582074,0.76497641
10,20,0.362895607,3.232291031
10,21,0.923305112,1.641590944
10,22,0.350715001,2.852056432
10,23,0.37232236,0.357708184
10,24,0.119778238,0.490050127
10,25,0.362069932,4.592204028
10,27,0.542172018,2.490309326
10,29,0.615922584,2.496746324
10,31,0.16263298,4.284728406
10,32,0.642637659,3.648538486
10,33,0.420789145,4.900154865
10,34,0.051129827,3.726945151
10,35,0.630494826,2.643241825
10,36,0.076888332,4.308043689
10,37,0.161460877,4.398910435
10,38,0.561602515,1.862525624
10,39,0.977950787,1.981494233
10,40,0.972636389,0.980225902
10,42,0.418435014,3.382946318
10,43,0.431999757,2.114782111
10,44,0.388354735,0.087415738
10,45,0.80197491,1.0584366
10,46,0.871465303,2.667038468
10,47,0.719839439,0.804742606
10,48,0.675695176,4.896732748
10,49,0.362372437,2.482510677
11,0,0.505767937,3.197661971
11,1,0.397021534,0.581078044
11,3,0.748809228,2.175868474
11,4,0.461737435,3.650056703
11,5,0.662306911,2.502959873
11,6,0.187630707,0.749664872
11,7,0.508360594,4.674531405
11,8,0.469639911,1.144314248
11,9,0.729729109,1.323864335
11,10,0.116165553,1.075885654
11,12,0.222320183,2.412864393
11,13,0.549453335,1.832086931
11,14,0.729639583,2.106793756
11,15,0.173000866,4.455122476
11,16,0.566015522,2.499770941
11,17,0.47321587,2.20969113
11,18,0.461738377,3.647508073
11,20,0.337953069,0.989018308
11,21,0.372103588,4.975096248
11,23,0.387495852,1.763508356
11,24,0.193971584,2.956148658
11,25,0.287645509,4.532136709
11,26,0.270201474,4.326195504
11,27,0.591329167,4.544193031
11,28,0.404809895,3.368614926
11,29,0.627757475,4.457679114
11,30,0.820092187,3.461644808
11,31,0.111951851,0.390183319
11,32,0.781621123,1.209766648
11,33,0.721493395,1.857385238
11,34,0.86313747,2.566922355
11,35,0.831243315,1.677757255
11,36,0.258238007,1.191258765
11,37,0.842447339,0.738244383
11,38,0.477141252,3.468891427
11,40,0.754490613,3.472737615
11,41,0.764212523,0.665039258
11,42,0.327876932,1.792534703
11,43,0.073981416,4.828628114
11,44,0.219445512,2.623911114
11,45,0.296163638,2.231539615
11,46,0.156130569,3.630512683
11,47,0.490954022,0.937119733
11,48,0.309708606,0.947521655
11,49,0.264746755,1.704342619
12,0,0.230030979,0.733560518
12,1,0.794696991,2.472345426
12,2,0.711642968,2.55318391
12,3,0.782339562,0.014280339
12,4,0.376912472,1.416690796
12,5,0.252352858,2.055157567
12,6,0.403500744,1.993134979
12,7,0.470792856,2.329495664
12,8,0.970634444,4.840112843
12,9,0.845321934,1.134611282
12,10,0.827816029,2.184886911
12,11,0.684604799,1.899642276
12,13,0.274629667,3.102520891
12,14,0.185883379,4.891138279
12,15,0.541574434,1.771741231
12,18,0.674588831,0.396341385
12,19,0.348546236,1.74325245
12,20,0.274307129,1.310819014
12,21,0.601425655,2.914941901
12,22,0.663577421,2.258414055
12,23,0.719068962,0.138298047
12,24,0.8581142,3.058963669
12,26,0.308770227,0.315332546
12,27,0.574082842,0.975630419
12,28,0.078977932,2.558579904
12,29,0.38950131,4.964654368
12,30,0.04553093,1.948854013
12,31,0.758875608,3.417320432
12,32,0.395614646,1.913216014
12,33,0.453506727,4.165339261
12,34,0.773866128,2.712227246
12,36,0.545724603,2.708549603
12,37,0.241943156,3.446518777
12,38,0.131431986,4.38334706
12,39,0.080503422,0.064760657
12,40,0.316698621,3.491662785
12,42,0.113868176,2.560924838
12,43,0.612513337,0.574841409
12,44,0.641704948,4.149231166
12,45,0.985287742,4.561988306
12,46,0.981842716,0.508026137
12,47,0.947855964,2.598596014
12,48,0.325010446,1.958014814
12,49,0.778060261,1.318262969
13,0,0.991796163,4.921927308
13,1,0.730333127,0.431585483
13,2,0.070091201,1.323357528
13,3,0.057382639,4.053434405
13,4,0.423918597,4.050472814
13,5,0.985646643,1.060309325
13,6,0.237294858,3.168804088
13,7,0.491737734,3.034732623
13,8,0.731367458,4.769095032
13,9,0.370491499,4.01725556
13,10,0.732414637,4.578809178
13,11,0.702482268,2.414382171
13,12,0.123289786,2.902979166
13,14,0.041979241,0.165236846
13,15,0.341087987,4.738105115
13,16,0.979194915,1.894570753
13,17,0.273438374,3.955997555
13,18,0.499599088,1.451056026
13,19,0.467307109,3.895624413
13,20,0.390910814,3.969155938
13,21,0.309208857,3.037933419
13,22,0.712798594,4.805260613
13,23,0.83260708,0.174230395
13,24,0.102277827,2.385891319
13,25,0.100705047,3.396313101
13,26,0.790957548,4.336120863
13,27,0.243495773,3.69114991
13,28,0.062120214,3.529638817
13,29,0.057710779,1.303724474
13,30,0.191863447,1.585644347
13,31,0.903138933,4.985969538
13,32,0.824471207,4.894129487
13,33,0.854202055,0.957836578
13,34,0.923119722,3.289223983
13,35,0.311451291,0.609673441
13,36,0.447991167,2.516709487
13,37,0.701541609,1.841645731
13,38,0.24515281,1.33969538
13,40,0.163282539,3.10481077
13,41,0.23277407,4.091828768
13,42,0.439498938,4.475186292
13,44,0.889366547,0.270880621
13,45,0.531572358,0.092916225
13,48,0.146011531,1.030157135
13,49,0.88424943,1.137596734
14,0,0.300252999,0.063759583
14,1,0.419356021,4.08592974
14,2,0.860723958,3.475294701
14,3,0.746144563,2.946795238
14,4,0.417328359,3.361470863
14,5,0.447686833,0.789671651
14,6,0.500192444,3.902081181
14,7,0.309606534,0.398565538
14,8,0.144761004,1.514057855
14,9,0.819032884,0.407337554
14,10,0.990013937,2.188570725
14,11,0.910707606,0.300881663
14,13,0.045718569,2.48575663
14,15,0.302115531,3.470475665
14,16,0.907314745,1.394781257
14,17,0.012483295,1.755151664
14,18,0.495182073,3.899709822
14,19,0.449538152,0.973492569
14,20,0.914584254,4.055004372
14,21,0.557158121,2.054663652
14,23,0.480111571,2.889577939
14,24,0.644030981,3.12905161
14,25,0.000137302,3.968947859
14,26,0.876270959,3.704242372
14,27,0.561180572,3.105931997
14,28,0.898424811,3.793417519
14,29,0.743877865,2.350853686
14,30,0.342621333,0.415959338
14,31,0.87424736,1.634039691
14,32,0.803032302,1.442591157
14,33,0.560887185,2.245372361
14,34,0.453389278,3.470076532
14,35,0.838247992,3.880962785
14,36,0.247044232,1.24268952
14,37,0.641423802,3.923510519
14,38,0.19177462,3.082993501
14,39,0.460658642,1.570615864
14,40,0.21282596,1.960620553
14,41,0.525293039,3.138407753
14,42,0.058804122,1.837033595
14,43,0.266792863,0.520849784
14,45,0.756353961,1.425519245
14,46,0.909845272,0.139706429
14,47,0.048605358,1.039020122
14,48,0.557343066,3.772173976
14,49,0.092075905,1.141695372
15,0,0.959555159,1.192902055
15,1,0.409508668,2.343263652
15,2,0.412483485,3.569115736
15,3,0.115111682,0.40978723
15,5,0.410870564,4.273818025
15,6,0.076107,2.731620662
15,8,0.034593444,0.976610791
15,9,0.482900628,1.064996103
15,10,0.078360172,1.778715731
15,11,0.433002926,3.683792594
15,13,0.682784434,3.358701935
15,14,0.402551369,3.770235648
15,16,0.752067409,3.444473477
15,17,0.030576479,3.647359717
15,19,0.013236073,0.608490808
15,20,0.273984804,3.512663186
15,21,0.856929746,2.218606341
15,22,0.39953037,1.924254617
15,23,0.872090584,1.113604649
15,25,0.56000086,3.707276401
15,26,0.334220179,0.845605386
15,27,0.636194465,0.245155696
15,28,0.204833696,0.78720816
15,29,0.238003976,0.458122869
15,30,0.918209531,4.158825895
15,31,0.64663206,1.592962467
15,32,0.323290735,0.171715035
15,33,0.50290609,1.117616601
15,34,0.24542201,0.380280058
15,35,0.291140022,0.102934016
15,37,0.895534516,1.410436954
15,38,0.319153515,2.112921709
15,39,0.850947816,2.376739169
15,41,0.834519607,1.592067208
15,42,0.452001213,2.3315937
15,43,0.872454425,2.573807015
15,44,0.762146027,1.114406708
15,45,0.813556682,4.511570946
15,47,0.664982375,4.259163979
15,48,0.342032206,1.19555706
15,49,0.291353061,0.860478418
16,0,0.153171789,4.34249902
16,1,0.433487333,1.759817281
16,2,0.555612501,0.513986124
16,3,0.960576113,4.647141354
16,4,0.654463761,4.638511257
16,5,0.639175624,3.28310003
16,6,0.027246757,3.017275181
16,7,0.784273971,2.709367052
16,8,0.914612408,4.313112538
16,9,0.174959258,4.549023604
16,10,0.237073344,1.006089074
16,12,0.009579302,1.097990801
16,13,0.953088718,2.897752203
16,14,0.987426726,2.73738593
16,15,0.805846587,3.243826914
16,18,0.277773435,4.335513106
16,19,0.936745258,2.702192003
16,20,0.741973885,3.413797661
16,21,0.039931806,2.276106128
16,23,0.260254298,4.503720606
16,24,0.257245026,4.609408293
16,25,0.358470348,4.783557891
16,26,0.928449229,1.364619613
16,27,0.030996718,1.383551275
16,28,0.465823685,0.655327522
16,29,0.414637655,2.787898478
16,30,0.71891019,3.337498809
16,32,0.535638815,3.550791203
16,33,0.051643388,4.182580429
16,34,0.305733159,3.628591451
16,35,0.371126598,2.573369806
16,36,0.866891787,2.924165252
16,37,0.583364653,3.826818537
16,38,0.729099565,3.622292242
16,39,0.382501,3.247982999
16,40,0.134684623,1.045701169
16,42,0.025365325,4.272121332
16,43,0.128047448,1.985740882
16,44,0.003408782,4.942414725
16,45,0.249252227,2.955244091
16,46,0.226859836,0.067680425
16,48,0.808125388,0.928513969
16,49,0.473846119,1.663993172
17,0,0.26819019,3.168434848
17,1,0.084535912,2.547081839
17,2,0.522537002,1.219102188
17,3,0.84217561,0.62851594
17,4,0.194319297,4.954655805
17,5,0.461465604,3.389721914
17,6,0.426965246,4.677822894
17,7,0.328828137,4.097074555
17,8,0.327858499,1.672194232
17,9,0.559704612,3.604254391
17,11,0.759820912,4.705307424
17,12,0.257152107,4.526494744
17,13,0.054882298,3.378421511
17,14,0.989781612,0.799237879
17,15,0.058831953,3.878773184
17,16,0.838222253,4.1696661
17,19,0.043264791,4.820949524
17,20,0.666222346,3.391105543
17,21,0.682391258,0.68616076
17,22,0.233488565,2.250523562
17,25,0.837211475,4.098461478
17,26,0.016261032,3.223308988
17,27,0.440156607,3.896236375
17,28,0.229758334,2.649999517
17,29,0.5816045,1.271399593
17,30,0.397563643,4.300205343
17,31,0.158872116,1.713944174
17,32,0.684938019,4.931020781
17,33,0.456288586,3.142523911
17,34,0.353283473,0.738907051
17,35,0.057573004,2.604031454
17,36,0.297910059,3.567816698
17,38,0.020494287,1.315061961
17,39,0.198213827,0.780518017
17,41,0.243007963,3.926906273
17,42,0.096344316,1.025782723
17,43,0.10561057,4.307919531
17,44,0.319211788,0.452654436
17,45,0.347177234,2.763641178
17,46,0.463981393,4.470310291
17,47,0.092314957,3.546013409
17,48,0.095224895,2.522453718
17,49,0.400094398,0.108765256
18,0,0.754518544,1.091457436
18,1,0.929058045,1.967519681
18,3,0.270772729,2.715031046
18,4,0.997011587,1.647532874
18,5,0.039595982,1.456259662
18,6,0.297375259,0.284535856
18,7,0.8022209,2.292110571
18,8,0.130519551,2.546554558
18,9,0.248106846,3.538248435
18,10,0.710890337,2.742544611
18,11,0.652626333,1.241629012
18,13,0.018316431,1.244320658
18,14,0.653366906,1.508683201
18,15,0.679146116,0.847663144
18,16,0.764808001,2.058186747
18,17,0.162438595,0.496252935
18,19,0.695473127,3.62368634
18,20,0.072470484,2.333522572
18,21,0.096591943,0.598914685
18,22,0.744120076,0.717946802
18,23,0.842527283,4.817221211
18,25,0.997478041,4.339251593
18,26,0.6463935,0.890812277
18,27,0.990873316,4.977834209
18,28,0.327945962,4.104117786
18,29,0.590712521,4.715955631
18,30,0.681584865,4.129064457
18,31,0.750433989,3.969618441
18,32,0.822504415,2.747141904
18,33,0.506347984,1.372618033
18,34,0.641370512,2.351233429
18,35,0.818643855,0.828253016
18,36,0.180902289,1.922511464
18,37,0.233395949,0.543044315
18,38,0.902826558,3.237084564
18,39,0.456197901,0.46334816
18,40,0.91070579,1.366082853
18,42,0.100217219,1.299026155
18,43,0.351781026,4.044555717
18,44,0.304914574,1.738394257
18,45,0.465265818,1.074001759
18,46,0.045846282,4.315067772
18,47,0.791985761,3.774132912
18,48,0.868044244,2.10548014
18,49,0.340369572,0.254543661
19,0,0.409745278,3.777023148
19,1,0.229727403,1.572487424
19,2,0.804564652,4.963035741
19,3,0.393395069,1.877865721
19,4,0.700493672,3.836244609
19,5,0.263894641,3.830240708
19,6,0.58577936,4.932848768
19,7,0.435253682,2.899773746
19,8,0.201974752,2.660971703
19,10,0.41000002,3.17681866
19,11,0.460831132,0.110029151
19,12,0.399219803,0.531390354
19,13,0.060923398,1.120972988
19,14,0.910407646,3.805128783
19,15,0.853554252,1.155772606
19,16,0.345923583,2.784667627
19,17,0.345905381,3.922075408
19,18,0.13005725,2.259391194
19,20,0.928460582,2.148758219
19,21,0.61003096,0.973857586
19,22,0.563182699,1.869673909
19,23,0.9604089,3.925108103
19,24,0.664248057,2.306427277
19,25,0.056031746,4.194828529
19,26,0.46890793,4.332688677
19,27,0.372020407,2.042509293
19,28,0.737076655,2.211098921
19,29,0.829000234,1.543427083
19,31,0.488057362,4.131727294
19,32,0.023749125,2.42353187
19,33,0.144128099,1.408489377
19,34,0.128220028,2.810429107
19,36,0.101624043,2.483836161
19,37,0.301596254,2.064472145
19,38,0.164652257,2.778676554
19,39,0.865555549,2.887462474
19,40,0.028700021,4.818885736
19,41,0.049327522,2.034410697
19,42,0.186698884,1.821656636
19,43,0.111971781,1.013066488
19,44,0.486786332,1.950561768
19,45,0.703351268,1.852316789
19,46,0.490236661,4.798090174
19,47,0.851562263,0.170270732
19,48,0.760795858,3.911665914
19,49,0.49839344,3.23710546
20,0,0.888398546,1.295647281
20,1,0.476921543,4.748123353
20,2,0.376291338,2.995271371
20,3,0.724202003,1.476625931
20,4,0.912638287,0.15168981
20,5,0.312727169,3.569061621
20,6,0.675596116,2.822666904
20,7,0.252661203,3.903574898
20,8,0.753666032,2.467325973
20,9,0.562627876,4.709205047
20,10,0.73276108,4.562097038
20,11,0.065559093,2.606880393
20,12,0.3942449,3.707426904
20,14,0.617190749,1.872893929
20,15,0.91179323,0.994081902
20,16,0.756704496,3.511876786
20,17,0.04354243,0.097853869
20,18,0.143850923,3.066879473
20,23,0.269685613,1.411330381
20,24,0.646568238,1.607460596
20,26,0.791334708,3.477083677
20,27,0.959921222,1.930977145
20,28,0.142171158,2.494455975
20,29,0.017515248,3.648694455
20,30,0.527247468,2.966575417
20,31,0.66300779,4.085383423
20,32,0.166187998,1.848371203
20,33,0.574089789,4.310426901
20,34,0.835923341,0.282565036
20,35,0.865300698,4.636164823
20,36,0.01337158,4.90306958
20,38,0.595889326,4.176612928
20,39,0.955150556,3.285380103
20,40,0.522251818,1.728026517
20,41,0.252050463,4.624020061
20,42,0.512090274,3.903642226
20,44,0.187967407,2.413816409
20,45,0.935358801,0.065619258
20,46,0.537347483,4.827036996
20,47,0.507419533,4.528119974
20,48,0.461605423,0.807025424
20,49,0.576586275,0.4137272
21,0,0.373200992,3.42232037
21,1,0.097257071,1.167991966
21,2,0.907821021,1.305544499
21,3,0.746483014,4.933916222
21,4,0.077615112,2.528296279
21,6,0.059240899,3.010219601
21,7,0.778542107,4.363691975
21,8,0.749260799,2.102747164
21,9,0.009269723,3.188190358
21,10,0.655817872,4.178672328
21,11,0.0229828,2.124704079
21,12,0.344345937,1.170006604
21,13,0.558093513,0.324761018
21,14,0.375835856,0.488718997
21,15,0.313390013,4.241537305
21,16,0.735004017,2.24419981
21,18,0.759376383,3.16736234
21,19,0.378477323,3.401209869
21,20,0.299681676,2.750907183
21,23,0.247273408,1.256601807
21,24,0.072869065,2.944723113
21,25,0.436702226,4.024420587
21,26,0.092857095,1.323779602
21,27,0.687357334,4.179401635
21,28,0.951001057,3.523801241
21,29,0.315413126,4.217595373
21,30,0.977128006,0.057891581
21,31,0.485166292,0.113126803
21,33,0.895836561,0.959975317
21,34,0.893123198,2.024488917
21,35,0.534269815,0.923464108
21,36,0.919830169,1.284731075
21,37,0.40461076,0.303288616
21,38,0.827724051,3.744661457
21,39,0.368062724,2.374756901
21,40,0.315313677,2.777815537
21,41,0.61406399,1.282200119
21,42,0.423466458,1.468312274
21,43,0.793428849,4.961149851
21,44,0.286791606,0.361184673
21,45,0.661060621,0.299241578
21,46,0.07954611,0.834758107
21,47,0.44616078,3.441805421
21,48,0.185076059,0.573427717
21,49,0.451913166,2.831408378
22,0,0.08620291,0.673138122
22,1,0.122205113,2.722461713
22,2,0.510060826,1.227308756
22,3,0.626292487,1.668637275
22,4,0.603632279,0.560605028
22,5,0.904745474,3.066653786
22,6,0.565986137,2.604160865
22,9,0.445428839,4.714216581
22,10,0.153593671,0.53678345
22,11,0.732024106,4.691612097
22,12,0.070505723,3.526143328
22,13,0.479224428,3.371976058
22,14,0.747625391,4.630801081
22,15,0.215061176,4.596439088
22,16,0.194236586,4.929374555
22,17,0.085855324,4.655129543
22,18,0.184800464,2.801035686
22,19,0.125394314,3.106299667
22,20,0.406038749,2.992914641
22,21,0.276564143,1.77496965
22,23,0.757933615,3.260678058
22,24,0.132126525,4.739099514
22,25,0.779309043,1.128181198
22,26,0.900219378,0.892482994
22,27,0.258554763,0.627585423
22,28,0.691597478,1.366772758
22,29,0.761300181,2.966619115
22,30,0.193600415,1.276593042
22,31,0.959098564,0.788152817
22,32,0.794329174,4.879326307
22,33,0.785701026,1.348107874
22,34,0.836007115,0.130797657
22,35,0.468753056,0.277245412
22,36,0.892601003,4.688784929
22,38,0.7994983,3.54516447
22,39,0.031301675,1.575477124
22,40,0.1903474,1.184216115
22,41,0.877748427,3.676938346
22,42,0.282167767,1.406379514
22,43,0.977002195,2.740601997
22,44,0.814299327,4.58693947
22,45,0.500516572,0.873426427
22,46,0.831871577,0.823328189
22,48,0.345150071,0.283061811
22,49,0.954670791,3.902512655
23,0,0.905655734,2.825611252
23,1,0.958066667,4.242725468
23,2,0.313647084,1.934390105
23,3,0.915548382,0.1977228
23,4,0.695958462,4.486609798
23,5,0.420442684,0.994730404
23,6,0.064625401,3.315538178
23,7,0.742733719,3.735539326
23,8,0.666389729,1.760540822
23,10,0.721519351,3.228562497
23,12,0.301196405,2.447944169
23,13,0.399898252,1.863120406
23,14,0.163051371,1.449133937
23,15,0.455228897,4.559125199
23,16,0.002845128,4.657820179
23,17,0.937373664,2.837094436
23,18,0.76704243,4.29132157
23,19,0.192285695,1.956230801
23,20,0.634644709,4.033615328
23,21,0.113892213,4.364703911
23,22,0.145619569,3.188148681
23,24,0.278736972,1.588180305
23,25,0.258579924,2.397663414
23,26,0.84835106,1.736648737
23,27,0.578066272,0.347161873
23,28,0.230677801,1.38348096
23,29,0.814670457,3.113478929
23,31,0.901672967,3.339729513
23,32,0.945564371,2.072977332
23,33,0.922900281,1.167092346
23,35,0.343608113,4.590023861
23,36,0.431766361,3.293676093
23,37,0.512348464,0.322222856
23,38,0.97653255,1.618465565
23,39,0.648405002,0.971653411
23,40,0.667061558,0.118660331
23,41,0.932325639,0.309489353
23,42,0.216468992,2.257068813
23,43,0.064856733,2.818862894
23,45,0.841007047,3.583906254
23,46,0.124451443,0.112461349
23,47,0.435351189,4.436165739
23,48,0.730123715,2.489878902
23,49,0.690066599,0.461561219
24,1,0.736435838,0.904615276
24,2,0.199857862,1.687299262
24,3,0.304984695,3.694361868
24,4,0.69381141,1.4440316
24,5,0.729584925,4.62158969
24,7,0.187283006,2.381614232
24,8,0.756790481,2.89124717
24,9,0.525860671,1.918418198
24,10,0.642844038,1.290167049
24,11,0.092734458,2.479147512
24,12,0.894221577,4.586750352
24,13,0.576424342,0.896315415
24,14,0.907605008,0.635714843
24,15,0.936761098,1.046615018
24,16,0.799134743,2.951398353
24,17,0.582839618,3.251650029
24,18,0.755046171,0.434029228
24,19,0.064790453,1.210839947
24,20,0.735174971,1.828234296
24,21,0.150520293,4.079515691
24,22,0.841739449,2.472701874
24,23,0.146939952,0.655697091
24,26,0.784387613,1.611843713
24,27,0.463569922,2.136315372
24,28,0.442715078,3.253349749
24,30,0.206107328,1.313693945
24,31,0.333270774,4.916894238
24,32,0.170981836,3.402144545
24,35,0.664123525,1.269956426
24,36,0.598238071,2.525527431
24,37,0.602924563,0.350332103
24,38,0.32986813,4.830204882
24,39,0.295067685,2.00098694
24,40,0.267899024,0.127314937
24,41,0.349363298,4.05967556
24,42,0.414157669,0.259888972
24,43,0.888409359,4.097314938
24,44,0.973618064,4.942928018
24,45,0.290166706,1.093472888
24,46,0.519721451,2.778657753
24,47,0.102785435,0.107068643
24,48,0.976835621,0.127556724
25,0,0.373592601,3.522457564
25,1,0.926308184,3.947776996
25,2,0.635808238,1.050807087
25,3,0.285221034,1.175147361
25,4,0.651504689,2.285982351
25,5,0.998344469,2.581392557
25,6,0.943779346,0.698727072
25,7,0.788417102,0.362622667
25,9,0.458193211,2.564699046
25,10,0.221976317,2.670090056
25,11,0.190121213,1.269600684
25,12,0.483738551,4.671094916
25,13,0.437167776,3.093502319
25,14,0.210319238,0.305493284
25,15,0.332518495,0.426402543
25,16,0.130082079,1.645257998
25,17,0.300875078,1.475676477
25,18,0.613151221,4.31587305
25,20,0.987435175,0.235200835
25,22,0.757380159,3.674617376
25,23,0.673187608,4.472538369
25,24,0.303024051,3.598779824
25,26,0.86262723,3.945120142
25,27,0.352560823,4.269345569
25,28,0.03356762,1.323662569
25,29,0.613512453,4.506389828
25,30,0.439277132,2.201213367
25,31,0.58142286,0.65192441
25,32,0.852391008,4.262597378
25,33,0.71570168,2.914009266
25,34,0.626589354,3.160443073
25,35,0.417357357,2.786460289
25,36,0.584773909,0.015244287
25,37,0.728581412,1.785208392
25,38,0.412651028,0.233243506
25,39,0.998239402,2.045768339
25,40,0.429720541,3.15852116
25,41,0.383266234,2.638384497
25,42,0.636540614,3.160469211
25,45,0.271816775,1.751091797
25,46,0.818723063,1.144002484
25,47,0.201448978,0.003433582
25,48,0.961329829,4.552944237
25,49,0.208591634,2.214318563
26,0,0.26627355,1.110909235
26,1,0.073394446,2.916265805
26,3,0.93030294,2.274043297
26,5,0.17260227,1.128020661
26,6,0.25477164,1.091516812
26,7,0.273475051,2.132842632
26,8,0.044137793,1.223992474
26,9,0.74441837,4.936715588
26,10,0.597510593,2.538069942
26,11,0.801646632,4.306935287
26,12,0.776381526,4.39495434
26,13,0.934735173,3.878953195
26,14,0.633798234,3.573083112
26,15,0.16136593,4.2178429
26,16,0.468253508,0.324115693
26,17,0.190073692,3.808325648
26,18,0.445114166,3.844373233
26,19,0.78982178,3.417446192
26,20,0.26772205,0.879777144
26,21,0.425923515,4.424335982
26,22,0.042837943,4.730426381
26,23,0.682080832,0.303697516
26,24,0.416910733,3.469163328
26,25,0.060059091,0.012302337
26,27,0.303223073,1.296543388
26,28,0.832688299,1.802338337
26,29,0.251435956,3.160668391
26,31,0.17116122,3.2247538
26,32,0.935894275,3.174852412
26,33,0.604111099,0.464844004
26,34,0.323221192,2.059153479
26,36,0.405588042,1.27819492
26,37,0.820083672,0.435749887
26,38,0.273532564,0.544658719
26,39,0.502622067,4.533687372
26,40,0.650813336,2.764480492
26,41,0.546435211,4.985471582
26,42,0.192433888,0.756412707
26,43,0.535139461,2.048767546
26,44,0.304406158,0.106640816
26,46,0.048473508,4.552384443
26,47,0.9200473,1.411114167
26,48,0.860066133,0.750945095
27,1,0.959370265,2.082160129
27,2,0.427762161,3.753761069
27,3,0.759585443,4.658665172
27,4,0.126264549,3.051793133
27,5,0.892387144,0.331707461
27,6,0.386651007,4.628502476
27,7,0.995054034,4.636838229
27,8,0.22004376,1.002796032
27,9,0.853367084,1.97767594
27,10,0.841413591,3.25929853
27,11,0.488843236,3.951634498
27,12,0.568583026,1.398243714
27,13,0.765912297,1.260316766
27,14,0.204743763,2.667223636
27,15,0.507522029,1.801362656
27,16,0.860162134,4.738720179
27,17,0.137417303,3.55500227
27,19,0.99239545,4.300451208
27,20,0.270081714,4.033875143
27,21,0.133904266,3.401791347
27,22,0.124576726,1.366454351
27,24,0.708601956,4.509124157
27,25,0.687333662,1.404100743
27,26,0.751103106,2.552684331
27,28,0.113061881,3.071890067
27,29,0.180734116,3.977818017
27,30,0.205816563,3.559936039
27,31,0.522891778,3.78757723
27,32,0.839997488,0.246659761
27,33,0.124066588,4.622240761
27,34,0.479950214,4.141359261
27,35,0.544934834,0.248413113
27,36,0.416800936,2.109077625
27,38,0.538691536,2.019460419
27,39,0.75666748,4.148689718
27,40,0.816768419,3.50170167
27,41,0.219906876,1.760200252
27,42,0.427583459,2.524866509
27,43,0.819293813,2.411008488
27,44,0.472302624,4.02437867
27,45,0.325759991,2.791985321
27,46,0.189893391,0.015770575
27,47,0.892527062,4.400963184
27,48,0.891313366,4.724391958
27,49,0.3343499,3.352070697
28,0,0.172218742,1.517158075
28,1,0.10306456,3.42453266
28,2,0.445094543,4.281511572
28,3,0.353318817,3.335087958
28,4,0.556241868,1.85880981
28,5,0.266576511,2.39371727
28,6,0.63112467,0.53440517
28,7,0.727142186,2.65038697
28,8,0.176236321,4.085521943
28,9,0.639792909,1.909084717
28,10,0.150320865,4.822513948
28,11,0.709948321,2.898789661
28,12,0.572668413,3.003171207
28,13,0.278803861,1.952781527
28,14,0.423813293,0.54286042
28,15,0.801329075,0.87949472
28,16,0.532394296,4.243262937
28,17,0.971025577,0.636705645
28,19,0.808061921,1.124690618
28,20,0.413164098,2.293483222
28,21,0.571488027,4.048744431
28,22,0.059451562,1.28588292
28,23,0.717765624,1.670928914
28,24,0.13331678,1.451185288
28,25,0.772539411,0.894693414
28,26,0.679106816,2.362037542
28,27,0.194034261,1.069076867
28,29,0.996631189,1.592102814
28,30,0.305186397,4.074300228
28,31,0.847725835,2.109119917
28,32,0.487097551,1.368775726
28,33,0.062508011,0.91169033
28,34,0.892184739,1.749779622
28,35,0.122239381,3.757522023
28,36,0.314226367,1.699273904
28,37,0.178883666,3.595946198
28,39,0.142301736,3.67679214
28,40,0.187403475,3.479431949
28,41,0.208489255,2.878828002
28,42,0.227926611,0.57855621
28,43,0.331689752,4.300467718
28,44,0.935862947,3.751814967
28,45,0.651224987,0.065326896
28,46,0.621317655,1.312657354
28,47,0.04322145,0.73242302
28,48,0.240928283,1.019708434
28,49,0.262859009,1.403310556
29,0,0.94083716,1.291678622
29,1,0.012891398,2.766966098
29,2,0.355982153,1.928666958
29,3,0.229725658,4.078087474
29,5,0.240112466,4.269440453
29,6,0.47437579,3.245677703
29,7,0.398200152,1.55171947
29,8,0.696608085,3.832217633
29,11,0.510188788,2.182621993
29,12,0.889019645,4.522749476
29,13,0.9350055,2.961228078
29,14,0.683388648,3.225525868
29,15,0.026540325,4.671636765
29,16,0.130189606,0.777472079
29,17,0.454260644,1.636922301
29,18,0.245351597,4.011612531
29,19,0.505684583,4.406397673
29,20,0.643175475,1.752868278
29,21,0.663402325,3.09086458
29,22,0.668711132,1.942997769
29,23,0.691399689,2.373326719
29,24,0.25199733,2.334952722
29,25,0.776959028,1.047143584
29,26,0.536872696,1.278115167
29,27,0.51039758,0.413739304
29,28,0.19273327,2.251318593
29,30,0.88805726,2.470708706
29,31,0.748631859,3.456668433
29,32,0.465902714,2.219595131
29,33,0.714425908,0.803979015
29,35,0.907372146,3.475721246
29,36,0.250709204,2.762261841
29,37,0.281275388,1.504118131
29,38,0.130322421,0.967625277
29,39,0.990257424,4.673822415
29,41,0.836368543,0.27363302
29,42,0.746357099,2.179516854
29,43,0.0354276,1.705041806
29,44,0.101788438,1.939125246
29,45,0.759949533,0.956524749
29,46,0.41968744,3.58355186
29,47,0.215809927,1.471523406
29,48,0.191558529,0.280888329
29,49,0.80294093,0.798654055
30,0,0.535895421,2.297588504
30,1,0.355497651,1.657293354
30,2,0.107452923,4.84057161
30,3,0.127194944,2.035666524
30,4,0.446520323,4.88638415
30,5,0.743969065,1.475010066
30,6,0.7640008,2.821122955
30,7,0.643644044,1.248165115
30,8,0.863944115,4.540996827
30,9,0.161608594,2.200201098
30,10,0.600697581,2.442330091
30,11,0.858708937,3.656257548
30,12,0.715311759,4.773365337
30,13,0.659509099,3.432535447
30,14,0.86733934,4.137514081
30,15,0.682845872,1.021214874
30,16,0.221885311,0.689426598
30,17,0.105776335,2.050310608
30,18,0.028683654,4.854094019
30,20,0.590875944,3.478389156
30,21,0.818771348,2.691803753
30,22,0.644982808,1.941393027
30,23,0.417204152,2.936922417
30,24,0.513832167,1.738724834
30,25,0.406617647,1.13820535
30,27,0.044411876,4.331887949
30,28,0.473575826,1.250808173
30,29,0.809799342,2.030478803
30,31,0.834672455,1.601868597
30,32,0.597840323,4.368130731
30,34,0.338489646,4.739477911
30,35,0.1941826,4.960056576
30,36,0.722621426,3.064294975
30,38,0.475557494,2.016587376
30,39,0.978823123,2.865227778
30,40,0.324360809,4.734032727
30,41,0.141310588,0.211137711
30,43,0.209020711,2.539398687
30,44,0.172715127,4.516010906
30,45,0.633897225,1.811433353
30,46,0.926793766,0.648679423
30,47,0.4207239,3.303066337
30,48,0.380561217,4.399042852
30,49,0.61254529,3.494472671
31,0,0.625550718,0.272107509
31,1,0.43605798,2.961596601
31,2,0.472392004,3.646724081
31,3,0.073303239,0.548707173
31,4,0.23926801,4.54261533
31,5,0.04972095,2.088974526
31,7,0.41514186,1.288109623
31,8,0.467177158,0.875778205
31,9,0.207279199,0.663967511
31,10,0.733767396,0.973715571
31,11,0.943329503,4.117831113
31,12,0.662897074,1.361779573
31,13,0.630334559,4.898700577
31,14,0.782955801,0.483063941
31,15,0.673093784,0.245388622
31,16,0.898541924,2.250262382
31,18,0.819719971,1.008116245
31,19,0.031306163,4.319467882
31,20,0.522336344,0.648408158
31,21,0.971722741,0.944654472
31,22,0.779507922,0.173555058
31,23,0.956161211,1.658990851
31,24,0.616402934,4.702007114
31,25,0.936129053,3.364062516
31,26,0.470411918,1.967174168
31,27,0.021775154,4.47327917
31,28,0.998732761,2.539247638
31,29,0.233135788,1.585593105
31,30,0.174520922,2.826784607
31,33,0.156978713,2.729388048
31,34,0.08965079,4.463536884
31,35,0.599102281,1.729849531
31,36,0.967159886,1.98476185
31,37,0.856452577,3.897182881
31,38,0.307217797,4.401002073
31,39,0.419055484,2.721476943
31,40,0.31611284,1.863813365
31,41,0.511078714,1.962645276
31,42,0.021567077,2.779896556
31,43,0.070608715,2.469366514
31,44,0.600206047,1.928233436
31,45,0.144482425,1.389469042
31,46,0.110661718,2.22271968
31,47,0.822069242,4.3592115
31,48,0.382177393,1.376849392
31,49,0.911393378,3.854287785
32,0,0.125549954,0.428405696
32,1,0.761715489,0.778811698
32,2,0.841550432,0.335668743
32,3,0.405895264,1.916681463
32,4,0.833408958,2.038541347
32,5,0.851748971,0.826804388
32,6,0.079879577,2.431690085
32,7,0.43350104,3.363478574
32,8,0.985133209,2.392605149
32,11,0.944915248,4.838713748
32,12,0.958953696,3.900168066
32,13,0.988055262,3.721985361
32,14,0.898676378,4.617197017
32,15,0.172262683,2.928231835
32,16,0.879211244,1.405702133
32,17,0.594358039,0.415498856
32,18,0.293038905,1.75852535
32,19,0.252216693,1.938811406
32,20,0.937701447,0.749152937
32,21,0.576470844,1.9870297
32,23,0.895267036,2.147402675
32,24,0.423664903,3.063951311
32,25,0.713908861,1.152004769
32,26,0.381806328,4.131908882
32,27,0.341292556,4.265383718
32,28,0.574036536,4.508844019
32,29,0.114422933,4.067285843
32,31,0.680858125,4.409177636
32,33,0.009348101,2.080387419
32,34,0.712922576,0.265670906
32,35,0.383267428,4.06838641
32,36,0.385903371,0.879662607
32,38,0.100923743,1.341794487
32,39,0.205030704,4.452153228
32,40,0.094889232,3.712742106
32,41,0.174506397,3.564316152
32,43,0.223220211,1.091487504
32,44,0.393548501,1.036960135
32,45,0.801774539,4.44886408
32,46,0.024861107,1.492974798
32,48,0.19946551,2.118759668
32,49,0.149497474,4.182743677
33,0,0.384036729,0.721501447
33,1,0.914451351,0.211613573
33,2,0.883356015,2.536518408
33,3,0.536144845,2.741948829
33,4,0.172869679,1.810403918
33,5,0.34713115,1.090285691
33,6,0.105300263,4.796207137
33,7,0.157954079,3.976146176
33,8,0.92337813,4.799032928
33,9,0.29103808,2.396584962
33,10,0.607185281,2.369452067
33,12,0.96741208,3.134017724
33,13,0.693448838,1.297639491
33,14,0.011661644,0.81378983
33,15,0.199034238,0.281699205
33,16,0.704979944,3.670518137
33,17,0.835520677,2.238555263
33,18,0.150535506,2.115930679
33,19,0.855425451,4.015010017
33,20,0.99840872,1.564576465
33,21,0.842413255,1.660670895
33,22,0.48275839,0.125098608
33,23,0.656442538,2.89937712
33,24,0.707167912,0.403120112
33,25,0.375778654,4.653499694
33,26,0.909023382,4.54308927
33,27,0.081109684,0.886063959
33,28,0.101034063,1.441740642
33,29,0.546732005,4.207183404
33,30,0.314784037,1.848807565
33,31,0.761750816,4.770286589
33,34,0.682172393,2.648475887
33,35,0.71410168,3.450494472
33,36,0.590780524,0.813152219
33,37,0.447493643,0.796476766
33,38,0.056605693,2.645707691
33,39,0.729717191,1.550361225
33,40,0.962396623,2.803204018
33,41,0.387654374,0.052095067
33,42,0.508513272,2.79732044
33,43,0.092347449,1.588248628
33,44,0.884030542,4.184210582
33,45,0.949387561,4.531021687
33,46,0.61191601,0.761160659
33,48,0.831647846,2.831173319
33,49,0.120968079,3.967119709
34,0,0.91961235,1.773930643
34,1,0.736522762,0.743791345
34,2,0.436291961,1.17146262
34,3,0.804201076,1.433557555
34,4,0.649378276,4.831030793
34,5,0.992934219,4.471513813
34,6,0.848796539,3.788069545
34,7,0.508509235,0.371998749
34,8,0.349794209,0.964338856
34,9,0.77775561,3.092246218
34,10,0.502988405,0.996036783
34,11,0.910287068,3.340894089
34,12,0.8570446,3.603570097
34,13,0.73210901,0.5323849
34,14,0.607428342,2.600208375
34,15,0.566743663,4.524622543
34,16,0.166003878,3.281550998
34,17,0.962393921,0.25541469
34,18,0.753304226,2.235831164
34,19,0.100888176,2.006276857
34,20,0.104128504,2.423430674
34,21,0.817118508,3.49272954
34,22,0.474641505,3.422605495
34,23,0.67313812,2.489594003
34,24,0.180630314,2.430306785
34,25,0.892512558,0.553544388
34,26,0.396293973,0.357855174
34,27,0.636694841,1.878645498
34,28,0.016056627,3.649790821
34,29,0.125503642,1.882716697
34,30,0.81355077,2.642825842
34,31,0.500656359,2.055324945
34,32,0.784563145,0.231136707
34,33,0.387014724,4.012204553
34,35,0.461431685,1.532581592
34,36,0.157992937,1.953098834
34,37,0.727660602,2.58045203
34,38,0.659604589,4.095916971
34,39,0.965299326,4.339156982
34,40,0.147033845,1.843084219
34,41,0.842823296,4.199648503
34,42,0.956487332,1.644662811
34,43,0.817888655,3.514993234
34,44,0.416775844,2.859637796
34,45,0.844855921,4.616712524
34,46,0.781145348,3.847042861
34,47,0.806737457,4.869246526
34,48,0.434270625,0.174610738
34,49,0.75228216,3.139381976
35,0,0.125447659,2.702207544
35,1,0.010388707,2.698692244
35,2,0.72907336,1.70873695
35,3,0.177593713,0.624614702
35,4,0.193559588,1.090116711
35,5,0.288848643,2.200709857
35,6,0.367371528,4.415631735
35,7,0.038379874,1.005211606
35,8,0.019730303,1.850845046
35,9,0.956874234,2.416616886
35,10,0.010818405,3.07837837
35,13,0.882309372,4.824498093
35,15,0.611082256,2.645808291
35,16,0.339270893,0.751897293
35,17,0.276444113,0.377466574
35,18,0.130483284,4.555575574
35,19,0.243200409,0.923221395
35,20,0.198262012,0.602060646
35,21,0.835387775,2.518063571
35,22,0.76420708,2.801914071
35,23,0.309436638,3.85713671
35,24,0.845528742,0.488524405
35,25,0.477881747,4.841331842
35,26,0.589980108,2.953287673
35,27,0.29940477,3.78581387
35,28,0.532619043,2.383150826
35,29,0.094972345,4.124575761
35,30,0.673416487,3.926580402
35,32,0.425556021,3.473100415
35,33,0.475902785,1.728162583
35,34,0.13312684,1.841819673
35,36,0.57632513,2.180187446
35,37,0.288589292,1.413991577
35,38,0.936068267,2.977959868
35,39,0.008093342,4.505640583
35,40,0.11924639,3.209748341
35,41,0.938959653,2.842176158
35,42,0.362295087,3.303756665
35,43,0.232223761,1.779059763
35,44,0.984751473,1.615086194
35,46,0.833960147,2.944548878
35,47,0.929723066,4.835255368
35,49,0.295639389,2.869154036
36,0,0.368831404,0.369463
36,1,0.681432917,0.784599403
36,2,0.94337305,4.701131519
36,3,0.475418224,4.032819418
36,4,0.926972602,4.950950005
36,5,0.548803655,4.390202581
36,6,0.721285834,4.746873555
36,7,0.488403089,0.471989616
36,8,0.365619262,4.404870851
36,9,0.578381108,3.462574584
36,10,0.233561912,0.998410369
36,11,0.801166436,3.224433763
36,12,0.505345729,0.631313152
36,13,0.559292275,3.749366684
36,14,0.888100591,1.103439935
36,15,0.708489355,2.4628501
36,16,0.986185124,3.784705647
36,17,0.905919314,1.752796116
36,18,0.906645973,4.110612981
36,19,0.699773961,1.887784758
36,20,0.149384403,4.188642699
36,21,0.834353421,0.009507923
36,22,0.831380769,2.295865978
36,23,0.887345815,3.761690925
36,24,0.205712995,2.997444586
36,25,0.034452904,1.319279058
36,26,0.143052902,0.449895126
36,27,0.46926397,2.642830199
36,28,0.733135523,1.99250155
36,30,0.35045826,1.298414109
36,31,0.510239219,3.816618622
36,32,0.458984078,2.537130535
36,33,0.253612164,3.55957146
36,34,0.146807229,3.435428983
36,35,0.794804101,2.901491265
36,37,0.534693379,4.586652023
36,38,0.711964813,4.939164719
36,39,0.686368885,1.361891706
36,40,0.059787039,3.967206271
36,41,0.383793866,0.688405023
36,42,0.881087653,0.247231956
36,43,0.855975243,2.811751654
36,44,0.998907932,1.896309936
36,45,0.742175968,0.283375823
36,46,0.200839483,1.055675343
36,47,0.845115568,3.671252666
36,48,0.031792741,3.004763793
36,49,0.254133753,4.203535676
37,0,0.307767313,0.846758942
37,2,0.857489005,0.098420489
37,3,0.153586797,2.010029294
37,4,0.95382071,0.434006561
37,5,0.901304293,0.96964119
37,6,0.33415354,1.951094468
37,7,0.259116765,3.442530749
37,8,0.981049446,1.626533821
37,9,0.11753338,1.093709435
37,10,0.360312834,4.351443499
37,11,0.995107157,1.435131659
37,12,0.581217582,1.725438879
37,14,0.098164346,2.789320664
37,15,0.15047167,2.737614552
37,16,0.138838265,3.157048977
37,17,0.057003306,3.158223077
37,18,0.314625705,1.766453194
37,19,0.228109202,0.957442375
37,20,0.21718694,3.731711635
37,21,0.652473238,0.713535848
37,22,0.976626604,2.753031682
37,23,0.689607611,1.972665598
37,25,0.149806518,1.166001409
37,26,0.620140593,1.523049278
37,27,0.290218875,4.53984397
37,28,0.050174567,1.255614004
37,29,0.611159622,0.108879124
37,30,0.357164432,1.825377535
37,31,0.687822306,2.847423403
37,32,0.294177842,4.294743294
37,33,0.082079655,2.814032026
37,35,0.425207723,2.7340723
37,36,0.718837731,1.263898489
37,38,0.322177289,3.030797602
37,39,0.92002668,0.761336851
37,40,0.453538077,2.791887068
37,41,0.887378246,3.668497193
37,42,0.668704809,0.724787398
37,43,0.97227664,0.642302132
37,44,0.135900415,2.106896626
37,45,0.284386294,3.272771627
37,46,0.871114913,1.547537333
37,47,0.356937846,4.495618978
37,48,0.669002753,1.81142815
37,49,0.801548356,4.738875496
38,0,0.534376672,2.774623669
38,1,0.741539308,3.332126388
38,2,0.206108925,4.431355496
38,3,0.170910391,2.967656496
38,5,0.911945028,4.439054436
38,6,0.417553068,2.938000505
38,8,0.889917539,4.019679576
38,9,0.824291101,3.395565835
38,10,0.417634537,1.728342217
38,11,0.768505382,4.519810715
38,12,0.872130526,1.701425393
38,13,0.881149401,1.346710752
38,14,0.773495932,3.398894927
38,15,0.911067041,0.539551908
38,16,0.644828977,3.646525663
38,17,0.276497222,3.695570202
38,18,0.250701323,4.166601319
38,19,0.552432474,3.009623376
38,20,0.016591249,2.503256192
38,21,0.792203652,3.245095511
38,22,0.680159237,0.176401885
38,23,0.68029521,1.700969618
38,24,0.573145112,1.959042538
38,25,0.039221815,2.70243463
38,26,0.997873649,2.227646135
38,27,0.123727911,0.804809482
38,28,0.542427213,2.597229935
38,29,0.072122879,3.12703643
38,30,0.913367604,2.616549698
38,31,0.934485813,3.043584882
38,32,0.715314685,3.582056468
38,33,0.196923025,0.103795975
38,34,0.985785472,4.99200669
38,36,0.710108338,1.910570815
38,37,0.818259253,2.138345332
38,39,0.215139272,1.002731094
38,40,0.578999667,4.965468128
38,41,0.520142438,2.304136286
38,42,0.678382822,4.063892037
38,43,0.894003277,2.838879187
38,44,0.456341427,0.125945917
38,45,0.399082202,1.400300064
38,46,0.209376257,4.022300224
38,47,0.612701795,4.882885625
38,49,0.970729106,4.701973434
39,0,0.961952476,2.472742876
39,1,0.626762459,0.480641588
39,2,0.993866544,0.732385962
39,3,0.765284948,4.007630164
39,4,0.526096491,2.891896543
39,5,0.236550152,4.699068751
39,6,0.709548552,2.958642802
39,7,0.864407595,2.773872137
39,8,0.723761464,4.866657684
39,9,0.942528906,0.077990078
39,10,0.559527685,2.511858427
39,11,0.556173359,3.534319775
39,12,0.27026207,0.185366749
39,13,0.32515486,2.121431091
39,14,0.695209458,4.40234295
39,16,0.270334921,1.582414568
39,17,0.234163733,3.703445677
39,18,0.759511412,1.559840708
39,19,0.041055565,1.449431628
39,20,0.360252532,3.447803165
39,21,0.582686402,2.941282166
39,22,0.769783536,2.54078462
39,23,0.931189898,2.10459954
39,24,0.693216761,4.399022394
39,25,0.346908679,2.004852039
39,27,0.343958004,4.782675404
39,28,0.494363485,2.73719729
39,29,0.425659564,3.575309909
39,30,0.089798736,3.253446685
39,31,0.987191304,3.377679112
39,32,0.648086373,1.33611147
39,33,0.111290219,3.829532655
39,34,0.612391288,2.275234525
39,35,0.777886143,3.420516096
39,36,0.405968006,4.415689225
39,37,0.656125115,3.094244356
39,38,0.207437952,0.281284105
39,40,0.359767225,2.085739556
39,41,0.308104743,2.569212537
39,42,0.261202767,4.952816498
39,43,0.376314866,1.24023962
39,44,0.34578393,2.309411994
39,45,0.195189795,1.040822365
39,46,0.455546453,0.200684
39,47,0.342878238,1.028764278
39,48,0.458555931,3.56413602
39,49,0.832586986,0.19569283
40,0,0.615970951,1.528053892
40,1,0.580488685,1.45325598
40,2,0.87532747,1.798519678
40,3,0.658158841,1.924785446
40,4,0.983474168,1.00235795
40,5,0.487983001,1.583213679
40,7,0.501708643,0.724473983
40,8,0.879835758,0.946731661
40,9,0.257742092,3.271380723
40,10,0.035173564,1.677058376
40,11,0.08367289,3.411443483
40,12,0.199061459,4.212904834
40,13,0.56671499,2.640562202
40,14,0.234489186,0.639975823
40,15,0.856125776,3.531255652
40,16,0.532155896,0.512307819
40,17,0.193902094,1.666581031
40,19,0.088065124,2.443275971
40,20,0.80216446,0.075563792
40,21,0.336308744,3.55369978
40,22,0.369844127,0.732735722
40,23,0.190215099,2.076628757
40,24,0.650974111,3.651047342
40,25,0.280412343,0.975709821
40,26,0.330131601,4.189621622
40,27,0.034362107,0.086234273
40,28,0.653515194,4.077094104
40,29,0.995274717,4.452565531
40,30,0.646623374,4.013698688
40,31,0.349159545,3.880730244
40,33,0.049224411,3.635801044
40,34,0.417776496,3.698295682
40,35,0.840076501,0.893004943
40,36,0.296342806,4.635650236
40,37,0.535189001,4.429859649
40,38,0.052494139,1.166151614
40,39,0.564201461,4.608451804
40,41,0.21570537,3.035423846
40,42,0.624065683,2.723444301
40,44,0.803381174,3.004304699
40,45,0.871175055,1.802020769
40,46,0.303207082,4.330507916
40,48,0.008708335,2.330710172
40,49,0.178269259,0.892585022
41,0,0.964975518,0.790827063
41,2,0.466062926,4.516342674
41,4,0.353432977,2.459461558
41,5,0.705451845,1.136348765
41,6,0.846800122,2.677773823
41,7,0.109585787,4.958851957
41,8,0.096273217,0.578738176
41,9,0.784616662,1.233083655
41,10,0.36367723,2.950951269
41,12,0.894004351,0.976548764
41,13,0.554851749,1.409956863
41,14,0.803315736,1.388780515
41,15,0.441124858,1.139672338
41,16,0.027778143,4.228957186
41,17,0.690174379,2.343504565
41,18,0.350556234,1.282685963
41,20,0.276520868,2.089393231
41,22,0.57330947,2.112297825
41,23,0.699877342,3.968800479
41,24,0.69960828,2.331441447
41,25,0.635204845,1.278135521
41,27,0.103361075,4.984494691
41,28,0.451686757,4.345173393
41,29,0.873866188,2.835838154
41,30,0.715234013,0.340695498
41,31,0.946929733,2.613019378
41,33,0.248066901,2.470512543
41,34,0.981207916,3.529886198
41,35,0.991259947,1.172823637
41,36,0.360826334,2.273611789
41,37,0.553066685,2.554319809
41,38,0.178485329,0.832799998
41,39,0.321957522,4.380313272
41,40,0.514980561,1.938326007
41,42,0.585580634,2.161552153
41,43,0.248457954,2.54877884
41,44,0.832765677,4.695099162
41,45,0.157510719,2.907635678
41,47,0.620335697,0.726347301
41,48,0.282176252,1.11452774
41,49,0.609833393,4.315958269
42,0,0.658358086,0.599426191
42,1,0.739482126,2.650024005
42,2,0.264862721,3.221917097
42,3,0.227614273,0.143889046
42,4,0.778028624,2.113201196
42,5,0.131670437,3.052591661
42,6,0.58849417,1.41270338
42,7,0.254403901,2.650303988
42,8,0.685856402,0.236225581
42,9,0.261166313,2.188671447
42,10,0.442973113,3.666279381
42,11,0.066526026,0.946376208
42,12,0.402655621,1.206154351
42,13,0.257339431,3.863014332
42,14,0.128904959,1.046269459
42,15,0.047627955,1.243850425
42,16,0.499960442,4.196098001
42,17,0.969070014,2.667187146
42,18,0.662327844,2.381764312
42,19,0.067444544,2.545715389
42,20,0.246531447,4.130566062
42,21,0.814769953,2.495220527
42,22,0.092543255,4.102978535
42,23,0.38840826,0.546797271
42,24,0.381446013,0.032829957
42,25,0.159228939,1.75114811
42,26,0.967696012,1.016630101
42,27,0.7697766,1.923640529
42,28,0.137026393,4.125892215
42,29,0.824622876,1.468786597
42,30,0.230676269,2.273184188
42,31,0.408833438,2.669598529
42,32,0.166452547,1.021795424
42,33,0.719843461,2.910482093
42,34,0.85571559,0.520260421
42,35,0.344544837,2.890637374
42,36,0.767102929,4.493269897
42,37,0.836882246,3.622897899
42,38,0.23837673,3.418929773
42,39,0.562625463,2.116386062
42,40,0.817089369,2.893248795
42,43,0.275339728,2.277442978
42,44,0.999843207,3.484635073
42,45,0.636777183,4.863444042
42,46,0.538617785,4.788210111
42,47,0.722223008,0.331441033
42,48,0.371752112,0.133580476
42,49,0.910622337,3.774270225
43,0,0.560205722,1.202924667
43,1,0.509258943,4.703993401
43,2,0.247366398,2.353339854
43,3,0.803251602,4.218805956
43,5,0.890859956,4.253221836
43,6,0.59531984,4.691950364
43,7,0.535145981,2.588730224
43,8,0.329844661,2.489079303
43,9,0.399151926,0.314289183
43,10,0.317156415,4.926018536
43,12,0.584943219,1.05315168
43,13,0.573101112,2.4963772
43,14,0.084500872,4.308535172
43,17,0.440678145,4.840313285
43,18,0.541259859,2.618592197
43,19,0.635456216,3.548520907
43,20,0.823869793,3.102009048
43,21,0.245350729,4.821393521
43,22,0.653734343,0.880545759
43,23,0.492960609,3.776732983
43,24,0.344201376,0.720954262
43,25,0.957636391,3.45361387
43,26,0.820402386,4.561093735
43,27,0.672473005,2.952518506
43,28,0.73391694,4.488726032
43,31,0.294162209,0.414902068
43,32,0.579023902,4.8427985
43,33,0.364834237,3.182149429
43,34,0.551073976,0.643155051
43,35,0.243285732,1.501993333
43,36,0.8902312,0.981672341
43,37,0.020953825,0.00442538
43,38,0.216901555,2.8217785
43,40,0.315304878,2.749735863
43,41,0.438262821,4.355580811
43,42,0.850634832,2.974585774
43,44,0.007783512,2.121077913
43,47,0.458851269,4.781699294
43,48,0.479258904,1.369489919
43,49,0.745010922,1.23068688
44,0,0.801929928,3.041504382
44,1,0.574398339,1.057102863
44,2,0.844372231,2.636106679
44,4,0.076792448,0.850270583
44,5,0.78916055,4.378329265
44,6,0.263735107,4.083704954
44,7,0.597979467,2.122630119
44,8,0.459193016,2.898570232
44,9,0.804908311,4.233675094
44,10,0.695909368,1.338556188
44,11,0.387424446,3.12443668
44,12,0.770903874,1.484275761
44,13,0.405335233,1.15371836
44,14,0.152104831,2.999627656
44,15,0.330199071,0.062204447
44,16,0.947219396,4.21359143
44,17,0.284433494,3.409218086
44,18,0.597995159,4.623862679
44,19,0.936383464,3.395592674
44,20,0.310829686,4.463312885
44,21,0.068918647,0.409251345
44,22,0.130919218,1.458569312
44,23,0.466205634,3.042106346
44,24,0.992950836,1.648362891
44,25,0.497962384,2.722208922
44,26,0.471904145,0.269354376
44,27,0.36386581,4.396060515
44,28,0.463306975,2.560950543
44,29,0.707748565,2.989283581
44,30,0.767995373,3.715940051
44,31,0.204361639,0.118277026
44,32,0.133086117,0.431680438
44,33,0.979308925,1.5922805
44,34,0.083294167,0.270099853
44,35,0.928632696,4.074485674
44,36,0.220088767,1.955103067
44,37,0.408792784,0.928823246
44,39,0.561825736,0.02498371
44,40,0.211415528,4.238749728
44,41,0.091212393,4.315930154
44,42,0.29912659,1.234671468
44,43,0.759443312,0.891917739
44,45,0.953396289,3.461099423
44,46,0.639435914,0.161240974
44,48,0.438043313,2.893531436
44,49,0.30475027,1.323644651
45,0,0.18262121,4.362314209
45,1,0.762422202,2.043127892
45,2,0.359263001,4.809485756
45,3,0.568808692,2.367799898
45,4,0.422104861,2.569963692
45,6,0.23076567,1.31929004
45,7,0.203270028,0.235644389
45,8,0.143533367,0.069302442
45,9,0.5328145,4.905872632
45,10,0.812878026,3.836525098
45,11,0.727056335,2.036122528
45,12,0.556659141,1.929041634
45,15,0.097063916,0.57812497
45,16,0.248472247,1.944651648
45,17,0.39049849,4.648913353
45,18,0.430601062,1.82884442
45,19,0.834534026,3.810909004
45,20,0.943086768,1.872753839
45,21,0.221135411,1.773972354
45,22,0.707359113,3.815604753
45,23,0.899084072,3.398341943
45,24,0.638448687,4.310357078
45,25,0.504098009,1.174107081
45,26,0.730564523,2.22791594
45,27,0.032778811,3.684865247
45,28,0.848965975,4.622495489
45,29,0.954090509,3.489594777
45,31,0.744482846,1.862483224
45,33,0.852068603,3.469012276
45,34,0.619572345,1.273344717
45,35,0.822943425,0.104961462
45,36,0.022565261,0.259450529
45,37,0.654899837,3.015599121
45,38,0.964715242,1.471916912
45,39,0.973829077,0.914840598
45,40,0.265492494,0.906036908
45,41,0.441914255,0.440447698
45,42,0.292847895,3.741287687
45,43,0.960835914,3.31602442
45,44,0.577524758,2.861229618
45,46,0.502836583,2.196950639
45,48,0.029209304,4.308802639
45,49,0.596801714,2.442222867
46,0,0.542385581,4.992007881
46,1,0.723153192,1.102439737
46,2,0.129182865,4.125410874
46,3,0.620440285,0.25709183
46,5,0.401806912,4.332787378
46,6,0.385324062,1.837389703
46,8,0.000817611,2.943331317
46,9,0.076294183,4.760250942
46,10,0.482017862,3.619898782
46,11,0.706247243,2.175368138
46,12,0.253320451,3.453218842
46,13,0.143803723,1.476610521
46,14,0.252198459,0.355018511
46,15,0.957688043,0.549839832
46,17,0.57583462,3.125515482
46,18,0.738997876,4.659600195
46,19,0.630494669,1.685873275
46,20,0.258608141,4.31350217
46,21,0.857323947,2.893539344
46,22,0.881757382,2.194253639
46,24,0.77158508,4.030033405
46,25,0.598990813,3.780955787
46,26,0.484685653,3.177743269
46,28,0.077732983,3.841700217
46,30,0.279097362,3.754642371
46,31,0.932369464,2.463875336
46,32,0.537271464,0.77535055
46,33,0.168063957,0.061550308
46,34,0.255529266,0.702815609
46,35,0.076874652,2.880320541
46,36,0.807129492,1.732877731
46,37,0.903261445,3.378299855
46,38,0.750794791,1.332363708
46,40,0.012962793,2.190813905
46,41,0.248662159,4.091859625
46,42,0.209609588,0.39320175
46,43,0.049953684,4.625377574
46,44,0.492070363,0.673959479
46,45,0.143588982,1.589764965
46,47,0.405724174,3.532949104
46,48,0.864625232,0.591652238
46,49,0.922060721,1.806026628
47,1,0.98568852,2.458312926
47,3,0.835044025,1.057752647
47,4,0.103528129,2.435913644
47,5,0.307791578,4.223547676
47,6,0.357870738,2.731098043
47,7,0.500105967,3.202310965
47,9,0.722122303,1.755955526
47,10,0.616336108,3.810141258
47,11,0.35038679,2.797739573
47,12,0.339266978,4.043461249
47,13,0.306295538,4.075992007
47,14,0.185745703,3.27269084
47,16,0.881274184,2.189450755
47,17,0.425246044,1.715831951
47,18,0.596856115,3.333455095
47,20,0.571601835,2.91084488
47,21,0.367082046,0.098361707
47,22,0.938756044,1.754645607
47,23,0.177572766,0.46608715
47,24,0.670853858,4.135722587
47,25,0.366359353,1.651146937
47,26,0.615230575,1.690099103
47,27,0.372053922,1.119609826
47,28,0.316281904,4.567636037
47,29,0.404461118,1.955389896
47,30,0.647685235,0.669419292
47,31,0.84843465,3.627874352
47,32,0.093807171,2.523155263
47,33,0.174485465,1.368449954
47,34,0.944019153,2.587055773
47,36,0.535560493,3.564043214
47,37,0.918218218,3.81305723
47,38,0.8177469,0.32224457
47,39,0.667109533,1.370680898
47,40,0.712027302,4.171527502
47,41,0.468837351,4.360593851
47,42,0.872147279,1.907131831
47,43,0.148530012,4.90202154
47,44,0.522313817,2.521373766
47,45,0.211596219,3.964713385
47,46,0.056340922,4.266321862
47,48,0.843173513,0.842960815
47,49,0.379829814,3.199753579
48,0,0.816186665,4.024760677
48,1,0.229795924,3.4443629
48,2,0.698929828,3.51075021
48,3,0.11614339,2.672046743
48,4,0.91857628,2.607950352
48,5,0.132337421,4.443875144
48,7,0.794175124,1.053295272
48,8,0.798696768,1.143193586
48,10,0.134938905,4.876486732
48,11,0.032904067,0.322637756
48,12,0.552882448,3.363468366
48,13,0.600555697,0.639421966
48,14,0.294073365,1.789978413
48,15,0.462424008,3.220731381
48,16,0.598507621,4.055553502
48,17,0.025079612,0.519360374
48,18,0.007864037,0.556272655
48,19,0.086138396,0.797564642
48,20,0.114402229,1.130703321
48,22,0.372875084,4.817674827
48,23,0.790217993,0.693071738
48,24,0.632339533,4.087381198
48,25,0.888776744,4.7413713
48,26,0.882090791,4.138597141
48,27,0.427456801,3.801934116
48,28,0.90655294,1.394162482
48,29,0.865545071,4.448755477
48,30,0.924192316,4.90050568
48,31,0.953148038,4.043358266
48,32,0.286800308,4.183034469
48,33,0.687271199,2.370981026
48,34,0.541296731,0.773180947
48,35,0.659844874,0.93584571
48,36,0.077875275,0.581183735
48,37,0.586736828,3.580587317
48,39,0.310706082,2.576521284
48,40,0.101052794,4.723138028
48,41,0.635909823,0.579733746
48,42,0.952265324,3.827720946
48,43,0.71245125,1.465809137
48,45,0.107820528,4.914970839
48,46,0.32897921,4.353552301
48,47,0.490617817,4.479100472
48,49,0.411743196,1.574559048
49,0,0.290056378,0.106772839
49,1,0.334493468,4.919959228
49,2,0.651016279,3.006902507
49,3,0.316712291,0.759744214
49,4,0.67777306,2.056271982
49,5,0.190560999,2.729503034
49,6,0.081535062,3.290053904
49,8,0.411793365,4.599315254
49,9,0.321255329,1.544803874
49,10,0.978965569,0.058451601
49,11,0.940481348,4.666590676
49,12,0.552454434,4.218321535
49,13,0.64595677,2.555124449
49,14,0.63818458,0.158256188
49,15,0.645851454,1.350512127
49,16,0.383733635,4.594870442
49,17,0.904578263,2.091346173
49,18,0.041859147,3.894299285
49,19,0.189493656,1.480352078
49,20,0.956569578,2.640531254
49,21,0.816906063,1.798620516
49,22,0.022115104,3.924883226
49,23,0.134716721,1.27002708
49,24,0.990470544,0.092794725
49,25,0.584822494,0.503119047
49,27,0.639284734,3.599004675
49,28,0.183420738,3.084084649
49,29,0.596111511,3.44595825
49,30,0.16836265,3.868449533
49,31,0.610102854,2.23410503
49,32,0.547392517,3.64201065
49,33,0.241172852,1.639746407
49,34,0.956020851,0.845485732
49,35,0.505482377,3.884347918
49,36,0.197974706,1.078783311
49,37,0.58713371,2.704061979
49,38,0.393143292,4.769656414
49,40,0.289773497,0.239462036
49,41,0.238749514,4.761369899
49,42,0.090343068,2.232145479
49,43,0.918710215,4.778319019
49,44,0.414094015,3.780658223
49,45,0.021140421,2.201248241
49,46,0.167374231,3.807386733
49,47,0.243434943,1.168035646
49,48,0.998196235,3.377703354
